<?xml version="1.0" encoding="UTF-8"?>
<Entities>
	<ExtensionPackages>
		<ExtensionPackage name="OpenStreetMapWidgets_ExtensionPackage"
						  description="OpenStreetMap Widgets"
						  vendor="ThingWorx Labs"
						  packageVersion="1.0" 
						  minimumThingWorxVersion="5.4.0" />
	</ExtensionPackages>
	<StyleDefinitions>
		<StyleDefinition name="DefaultMapRegionSelectedStyle" description="Default map region selected marker style" documentationContent="" lastModifiedDate="2013-10-03T14:44:30.820-04:00" tags=""><content><![CDATA[{"displayString":"","fontEmphasisUnderline":false,"fontEmphasisItalic":false,"textSize":"normal","lineColor":"#000000","backgroundColor":"#1206ff","lineStyle":"solid","lineThickness":1,"secondaryBackgroundColor":"","fontEmphasisBold":false,"foregroundColor":""}]]></content></StyleDefinition>
	</StyleDefinitions>
	<Widgets>
		<Widget name="OpenStreetMap" description="Open Street Map">
			<UIResources>
				<!-- Studio ONLY -->
				<FileResource type="CSS" file="OpenStreetMap.ide.css" description="" isDevelopment="true" isRuntime="false" />
				<FileResource type="JS" file="OpenStreetMap.ide.js" description="" isDevelopment="true" isRuntime="false" />
				<!-- Runtime/Squeal ONLY -->
				<FileResource type="CSS" file="OpenStreetMap.runtime.css" description="" isDevelopment="false" isRuntime="true" />
				<FileResource type="JS" file="OpenStreetMap.runtime.js" description="" isDevelopment="false" isRuntime="true" />
				<FileResource type="JS" file="leaflet.js" description="" isDevelopment="false" isRuntime="true" />
				<FileResource type="CSS" file="leaflet.css" description="" isDevelopment="false" isRuntime="true" />
				
				
			</UIResources>
		</Widget>
	</Widgets>
</Entities>
